gene	TGCACCTTCATTATCC	TTTACTGCACGGTGTC	AGAGTGGAGCTAAACA	CATCGAAGTTCCCTTG	AATCCAGTCCACTCCA	ACTTTCAAGACTAGAT	GAATGAACATGCTAGT	GTCACGGAGCGATGAC	TTGCGTCCACTAAGTC	ACCGTAATCATTCACT	ACGAGCCAGATCACGG	ACTGAACCAGGATTGG	AGCATACCAGTCAGAG	ATCACGAGTCGCTTTC	CACAAACCACCAGCAC	CACACTCGTATGGTTC	CCAATCCGTTCTCATT	CTCGAAAGTGAAGGCT	GCAGTTAGTCTCAACA	GGACGTCAGCCCGAAA
UGT3A2	2	0	1	3	1	0	0	1	0	0	0	1	1	2	0	2	1	0	1	2
HOXC13	0	0	0	0	0	0	1	0	0	0	1	0	0	0	0	0	0	0	0	0
HOXC12	0	2	1	1	1	0	0	1	2	0	0	0	0	0	0	1	1	2	0	0
HOXC11	0	0	1	0	0	0	0	0	0	0	0	0	0	0	0	0	0	0	0	0
HOXC10	0	0	1	0	0	0	0	0	0	0	0	0	0	0	0	0	0	0	0	0
HOXC6	0	0	0	1	0	1	2	1	0	0	0	0	0	0	0	0	0	0	0	0
HOXC9	2	0	0	0	0	0	0	0	0	0	1	1	1	2	0	1	1	0	2	0
HOXC8	4	4	3	2	3	5	3	2	2	4	3	3	3	1	3	1	1	2	1	2
HOXC4	0	2	0	0	1	0	0	1	2	1	0	0	0	0	1	0	1	1	1	1
HOXC5	1	0	0	0	0	0	0	0	0	0	0	0	0	0	1	0	0	0	0	0
