gene	TGCACCTTCATTATCC	TTTACTGCACGGTGTC	AGAGTGGAGCTAAACA	CATCGAAGTTCCCTTG	AATCCAGTCCACTCCA	ACTTTCAAGACTAGAT	GAATGAACATGCTAGT	GTCACGGAGCGATGAC	TTGCGTCCACTAAGTC	ACCGTAATCATTCACT	ACGAGCCAGATCACGG	ACTGAACCAGGATTGG	AGCATACCAGTCAGAG	ATCACGAGTCGCTTTC	CACAAACCACCAGCAC	CACACTCGTATGGTTC	CCAATCCGTTCTCATT	CTCGAAAGTGAAGGCT	GCAGTTAGTCTCAACA	GGACGTCAGCCCGAAA	GTTAAGCGTACAGACG	GTTTCTACAAGCTGGA	TACCTTAAGTAGGTGC	TCTCTAACACCTGGTG	TGAAAGACATGGGACA	TGGCTGGCACTCAGGC	TTGGAACTCAAAGTAG	AAAGATGGTAACGCGA	AACGTTGTCAGAGACG	AACTGGTAGTGGTAGC	AATCGGTAGAGTCTGG	ACAGCTAAGGATGGTC	ACGCAGCAGCACAGGT	ACGTCAACACACGCTG	ACTGTCCGTGCTCTTC	ACTTACTTCTCAAGTG	AGTCTTTAGTCATCCA	CAACTAGCACGGTAGA	CACATTTGTCCGTGAC	CACCAGGCAAAGGAAG	CAGAGAGTCAGGCCCA	CATCAAGCATCCTTGC	CGAGAAGCAACGCACC	CGATGTAAGAATTCCC	CGGACTGGTTCGGGCT	CGGAGCTAGCCAGTTT	CTAATGGAGCCTTGAT	CTCGAAAGTATTCGTG	CTCTACGCAACTTGAC	CTTAGGAAGTCCGGTC	GACTAACGTCTCCACT	GAGGTGAGTACGCACC	GATGAGGAGAAGGTTT	GATGAGGTCTCGAGTA	GCAGTTACATGCCTAA	GCATACAAGGCATGTG	GCGACCAGTCATCCCT	GCGACCATCTTGTTTG	GGAAAGCCATTATCTC	GGTATTGCATGATCCA	GTAGGCCGTTGACGTT	GTCATTTAGCGCTTAT	GTCCTCAGTGCTAGCC	GTGCAGCGTATAGGTA	GTGCGGTCATCGGAAG	TAAGAGATCGTATCAG	TAGCCGGCAAGTAATG	TCAGCAACAAGCTGAG	TCGCGAGGTAGCAAAT	TCTTCGGTCAATACCG	TGAAAGAAGGCTAGGT	TGAGCATAGAGAACAG	TGCTGCTCAAGGTTTC	TTCTACAAGGGTCGAT	TTGTAGGAGCGTTCCG	AACCGCGTCGCCTGTT	AACGTTGAGTTTCCTT	AACTTTCCAGACGCCT	AAGGCAGGTTCTGAAC	AATCCAGCAGACGCTC	ACACCAATCAAACAAG	ACAGCCGTCTTCGGTC	ACATCAGCAAGTCTGT	ACCCACTTCTACTATC	ACCTTTACACGAGGTA	ACGATGTGTCTTCAAG	ACTGAACTCACTTATC	ACTGATGTCACGCGGT	AGAATAGGTATAGGTA	AGACGTTGTTTGTGTG	AGATCTGAGGCAAAGA	AGCCTAACACAACGCC	AGGGTGAAGTGTCCAT	AGGGTGATCAGTGTTG	AGGTCCGCAAGCCATT	ATAAGAGAGAAACCTA	ATCACGAGTTCTGAAC	ATCTGCCAGCTCAACT	ATCTGCCGTGACAAAT	ATTACTCAGTGGCACA	ATTTCTGTCTCAAACG	ATTTCTGTCTGTCAAG	CAAGAAAAGAGTAAGG	CAAGATCCACCGATAT	CACAAACTCCAGTATG	CACAGGCTCCGCGCAA	CACAGTACAGCCTTGG	CACATTTCATTCACTT	CACCAGGGTTACGGAG	CACCTTGGTTCTCATT	CAGCATACATGGGAAC	CAGCTGGCATATACCG	CAGTAACCATAACCTG	CATATGGCAAGCGAGT	CATATTCCACATGGGA	CATATTCCATGACATC	CATCGGGAGAAGGGTA	CATCGGGGTACTTCTT	CATCGGGGTGTAAGTA	CCATGTCTCACTTATC	CCATTCGGTCTAGGTT	CCCATACAGTCATGCT	CCCATACGTTCTGGTA	CCGGGATTCACTGGGC	CCGGTAGGTTAAGATG	CCGTACTCAGACGTAG	CCGTGGAGTACTCGCG	CCTAAAGAGAACAACT	CCTAAAGTCGGATGTT	CCTCAGTAGGGTCTCC	CCTCTGACACTTAACG	CCTTCCCGTTATCACG	CGAGAAGAGCCCAGCT	CGGGTCAGTTCCATGA	CGGTTAAGTGTTAAGA	CTAGCCTAGAGGTTGC	CTCACACCAGCATACT	CTCGGAGCAAGGTTTC	CTGAAGTTCAGAGACG	CTGCGGATCGTGGACC	CTGCTGTGTGGGTATG	CTGTGCTGTGATAAGT	CTGTTTACAAGTCTGT	GAAGCAGAGGCTCATT	GACGGCTAGGATTCGG	GACGGCTGTCGACTGC	GAGGTGAGTACCGCTG	GATGAGGCAAGGGTCA	GCAATCAAGAGTAAGG	GCAATCATCCGCATCT	GCAGTTATCTTGTATC	GCATACACAGCTGGCT	GCATGTAAGCAGATCG	GCTCCTAAGTTAACGA	GCTGGGTGTCTAAACC	GGACAGACACTGCCAG	GGACATTGTGATGCCC	GGACGTCAGCCCAATT	GGAGCAAAGTTTGCGT	GGAGCAACACCCATTC	GGCAATTGTGTCGCTG	GGGAATGAGATGTCGG	GGGAATGGTATCTGCA	GGGCACTGTTATGTGC	GTAACGTCATCGGACC	GTAGTCAGTTCCATGA	GTCAAGTTCTCGGACG	GTCACAATCAGGCAAG	GTCCTCATCAACGCTA	GTCGGGTAGAAGGACA	GTCGGGTCAGAAGCAC	GTCGTAACACTTAACG	GTGTTAGAGTAGGCCA	GTTCGGGCACTGAAGG	TAAGTGCTCAAGAAGT	TACACGATCCGTAGTA	TACTCGCCATGGTCAT	TAGAGCTCAGGCGATA	TAGTGGTAGGACAGAA	TATCAGGTCACTCTTA	TCAGATGCAAACGTGG	TCCACACTCAACCATG	TCCACACTCATCGGAT	TCGAGGCAGAGTCGGT	TCGCGTTAGTTGTAGA	TCGCGTTTCTTGTCAT	TCTTTCCCAATGTTGC	TGAGAGGAGATAGCAT	TGAGCATTCTGTCCGT	TGAGCCGTCGCTTGTC	TGCCAAACAAGCCCAC	TGCCAAACAGTCTTCC	TGCCAAAGTTGATTGC	TGCTACCTCTTGCAAG	TGGACGCAGAATCTCC	TGTATTCTCACGCGGT	TTAACTCAGGCTATCT	TTAGGCAAGCTGCAAG	TTAGTTCCAAACCTAC	TTCGAAGAGAATTGTG	TTCGAAGTCTCGCTTG	TTGACTTGTTAGATGA	TTGGAACTCGCTGATA	TTTGCGCGTCTGATTG	TTTGCGCTCACCGGGT	AAACCTGAGGGCACTA	AAACCTGCAAGACACG	AAACCTGCAGGTGGAT	AAACCTGGTTAAAGAC	AAATGCCCAGCGATCC	AAATGCCGTCCCGACA	AACACGTCAATAGAGT	AACCATGAGGAGTTTA	AACTCAGCATATGGTC	AACTGGTTCCGTAGGC	AACTTTCAGTCAAGCG	AACTTTCCAAGCTGTT	AACTTTCGTAAGAGAG	AAGCCGCAGTGGACGT	AAGCCGCCAATGGAAT	AAGCCGCCAGTTCCCT	AAGGAGCGTAGGCATG	AAGTCTGAGTGTCTCA	AAGTCTGTCTCCAGGG	AATCGGTCATGTCTCC	ACACTGAGTGCTGTAT	ACACTGATCGTTTAGG	ACAGCCGAGGATATAC	ACAGCTATCCAGATCA	ACATCAGAGACGCACA	ACATGGTCATTAGCCA	ACATGGTGTCGGGTCT	ACATGGTTCTGCGGCA	ACCCACTTCTGGTGTA	ACCGTAACACGACGAA	ACCGTAACATTACCTT	ACCGTAATCTATCGCC	ACCTTTAGTGGCTCCA	ACGAGCCCATACGCCG	ACGAGCCTCTCGTTTA	ACGAGGATCGAATGCT	ACGATACAGGCGCTCT	ACGATGTAGCGTAATA	ACGCCAGAGATGGGTC	ACGCCAGAGTAGTGCG	ACGCCAGGTGAGGCTA	ACGCCGATCAACCATG	ACGGAGACAGCGTAAG	ACGGGCTAGCCACTAT	ACGGGCTCACAGGCCT	ACGGGCTGTGCAGTAG	ACTATCTAGGCCATAG	ACTGAGTCACGGTTTA	ACTGATGCAAAGGTGC	ACTGATGTCTGGTTCC	ACTTACTAGGCGTACA	ACTTGTTAGATATGGT	AGAATAGTCTGCGTAA	AGAATAGTCTGTTTGT	AGACGTTAGGCCGAAT	AGACGTTAGGCTACGA	AGACGTTCATAGAAAC	AGAGCGAAGTCCCACG	AGAGCTTAGTATCTCG	AGAGCTTCACATTTCT	AGAGCTTGTCAGATAA	AGAGTGGGTGCATCTA	AGATCTGCAATCTGCA	AGCAGCCTCAGCGACC	AGCCTAAGTTAGAACA	AGCGGTCGTGGCAAAC	AGCGTATCAGCTGGCT	AGCTCCTCAATGGAGC	AGCTCCTCACTCGACG	AGCTCCTCAGGTCCAC	AGCTCCTTCCGAGCCA	AGCTCCTTCGAGCCCA	AGCTCTCGTTGCTCCT	AGCTTGAAGATGAGAG	AGGCCACAGAGTACCG	AGGCCGTTCGAACGGA	AGGGATGAGGATTCGG	AGGTCCGCAGCTTCGG	AGGTCCGGTATGCTTG	AGTAGTCCATTAACCG	AGTAGTCTCGTTTGCC	AGTCTTTAGCGAAGGG	AGTCTTTGTAGAGCTG	AGTGAGGTCAAGATCC	AGTGTCAGTCCGCTGA	ATAACGCCATCCTAGA	ATAACGCGTCGAACAG	ATCACGAAGTTAGCGG	ATCCGAACAAACTGTC	ATCCGAAGTGATGTGG	ATCTGCCAGAATTGTG	ATTGGACGTTTGACTG	ATTGGTGGTACGAAAT	ATTTCTGAGGCGTACA	CAACCAACAAAGTCAA	CAACCTCCATTGGCGC	CAAGATCAGTCAATAG	CAAGGCCAGGTGCTAG	CAAGGCCCATGTAGTC	CAAGTTGTCGAATGGG	CACACTCCATCAGTCA	CACACTCTCTTAGCCC	CACATAGTCCTACAGA	CACATTTAGCACGCCT	CACCTTGAGAGTGAGA	CACCTTGAGGAGTCTG	CACCTTGCAGGTTTCA	CACTCCACAGCGTAAG	CAGAGAGTCAGGTTCA	CAGATCACATCGACGC	CAGATCATCATCGGAT	CAGCATAGTTCAGACT	CAGCCGACACTAGTAC	CAGCTAATCTCGGACG	CATATGGCATCCTAGA	CATATTCCAGGAATCG	CATATTCTCCTATTCA	CATCAAGAGCCCTAAT	CATCAGACACCATGTA	CATCCACAGGCTAGGT	CATCCACCATACTCTT	CATTATCAGCTCCCAG	CATTATCCATCCCACT	CATTCGCTCAGAGACG	CCAATCCAGAGAACAG	CCAATCCTCACAGTAC	CCACCTACAAGCGATG	CCACCTACATGGATGG	CCACCTATCCGCATCT	CCACGGATCTGATACG	CCAGCGAGTTCTGGTA	CCATGTCAGGGTGTGT	CCATTCGTCGGATGTT	CCCAATCAGACTACAA	CCGGGATTCACGATGT	CCGGTAGGTCTGCCAG	CCGTTCAGTCGGCATC	CCTAAAGCAGTGGAGT	CCTACACGTCAGAAGC	CCTAGCTCAAGCGCTC	CCTAGCTGTCGGCATC	CCTATTACAGGTCGTC	CCTTACGAGCTAGTCT	CCTTACGCAAGTCATC	CCTTACGCAGTATAAG	CCTTACGGTAGCGTCC	CCTTCCCAGAGTAATC	CGAATGTCAGTACACT	CGACCTTCAACTGGCC	CGAGAAGAGACAATAC	CGAGAAGTCCTATTCA	CGAGCACAGACTAGAT	CGAGCACGTTCTCATT	CGAGCACTCCACTCCA	CGATCGGGTACGCACC	CGATGGCAGCTTATCG	CGATGGCTCGCAAACT	CGATGTATCCAAACTG	CGATTGAAGACTCGGA	CGATTGATCATCGCTC	CGCCAAGGTACAGTTC	CGCTATCAGATAGCAT	CGCTATCGTCAAAGAT	CGCTTCAAGATCGGGT	CGCTTCACATATACGC	CGGACACAGGGTTTCT	CGGACACCAGCCAGAA	CGGACGTGTAGCGTAG	CGGACTGGTGGTCTCG	CGGCTAGAGCAGCCTC	CGGGTCAAGAACTGTA	CGTAGCGAGACAGGCT	CGTAGCGAGCGATTCT	CGTCAGGAGCACCGCT	CGTCAGGAGTAAGTAC	CGTGAGCTCAACACAC	CGTGTAAGTTCGCGAC	CGTTAGAAGTCCATAC	CTACATTAGAAGGTTT	CTACATTGTCTCACCT	CTACATTTCTCTGCTG	CTACCCACACCAGATT	CTACGTCCATGGTAGG	CTAGAGTGTGTTGGGA	CTAGTGATCGTCTGCT	CTCACACAGGTGTTAA	CTCAGAAAGGTGTGGT	CTCATTAAGCGTTCCG	CTCATTAAGTAACCCT	CTCCTAGCACGACGAA	CTCGAAATCGCCATAA	CTCGAGGGTGACCAAG	CTCGAGGTCCGAGCCA	CTCGGAGCATTCACTT	CTCGTACGTCCGTCAG	CTCGTCATCTTGCCGT	CTGAAGTAGGTACTCT	CTGAAGTGTTCGTGAT	CTGATAGAGGCGACAT	CTGATAGAGTTAACGA	CTGCCTAAGAAACGCC	CTGCCTAAGTTAAGTG	CTGCCTAGTGGCGAAT	CTGGTCTAGACTTGAA	CTTAACTCACAAGCCC	CTTAACTGTAAGTGTA	CTTCCATCCCAGGTGG	CTTGGCTAGCGTAGTG	CTTTGCGGTGTTCGAT	GAAATGATCCCAAGTA	GAACATCTCATTGCCC	GAACCTATCAATACCG	GAAGCAGAGAGTCTGG	GACACGCGTGCGATAG	GACACGCTCCTTAATC	GACAGAGAGTTGTAGA	GACAGAGGTTCCATGA	GACCAATCATGTCCTC	GACGGCTAGGACATTA	GACGGCTCAAGGACTG	GACGGCTGTCGCGAAA	GACGGCTGTGATGTCT	GACGTGCTCTAGCACA	GACTAACGTCCCTACT	GACTACAGTGTGTGCC	GACTGCGGTGCGAAAC	GACTGCGTCACCATAG	GAGGTGAAGCCACTAT	GAGGTGATCTCAACTT	GAGTCCGTCGTAGATC	GATCAGTTCACAGTAC	GATCGCGGTTGCCTCT	GATCGCGGTTTGTTTC	GATCGCGTCACATGCA	GATGCTATCTTCATGT	GCAAACTAGTGAACAT	GCAAACTGTCGCATCG	GCACTCTCAATAACGA	GCACTCTCAGCTCCGA	GCAGCCAAGTGGTAAT	GCAGTTAGTAAGAGGA	GCAGTTATCAGCAACT	GCAGTTATCGCGTAGC	GCATACACAGGAATGC	GCATACAGTTTCCACC	GCATGCGAGCAATATG	GCATGCGGTTGGTAAA	GCATGTAAGACTAGAT	GCCAAATCAGATGGGT	GCCAAATTCGAATCCA	GCCTCTAGTGTCAATC	GCGCAACAGTGTACTC	GCGCGATCACACATGT	GCGCGATCACTCGACG	GCGCGATGTACCGCTG	GCGGGTTGTCATACTG	GCTCCTAGTGTCTGAT	GCTGCAGCAGCTGTTA	GCTTGAATCTGACCTC	GGAACTTAGTAAGTAC	GGACAGAAGGTTCCTA	GGACAGAAGTGAAGAG	GGACATTGTCCAAGTT	GGAGCAACAGTACACT	GGATGTTAGCAGGCTA	GGATGTTGTCTGATCA	GGCCGATAGACAGACC	GGCCGATAGCCAGAAC	GGCGACTCACGCATCG	GGCGACTTCGTGGACC	GGCTCGATCCAAACAC	GGGAATGAGACCACGA	GGGAGATAGACTAGGC	GGGATGAAGCCGCCTA	GGGCACTAGATGTCGG	GGGCACTCAGTATAAG	GGGCACTGTAGCGTAG	GGGTCTGCAGTAAGAT	GGGTTGCCAAGAAGAG	GGTATTGAGAGGGCTT	GGTATTGAGGCGTACA	GGTGTTACATACAGCT	GGTGTTAGTGCCTGGT	GTAACGTTCTAACTTC	GTAACTGTCGCAGGCT	GTAGGCCAGCTTTGGT	GTAGGCCAGGCCCTCA	GTAGGCCGTTCGCTAA	GTAGTCATCCGGCACA	GTATCTTAGGGATGGG	GTATCTTCATATGCTG	GTATTCTCACGCATCG	GTATTCTCACTCGACG	GTATTCTGTATTCGTG	GTCACAAGTACTCAAC	GTCACGGTCAGCTTAG	GTCGGGTGTCTCTCGT	GTCTCGTTCATAGCAC	GTCTTCGCAGTGGAGT	GTGAAGGAGAACTCGG	GTGCGGTAGGCATGGT	GTGGTATCAACGCAGA	GTGTGCGGTAGCTAAA	GTGTGCGGTAGTACCT	GTTAAGCCACAGTCGC	GTTAAGCGTGTGCCTG	GTTTCTACAGCGAACA	TAAGTGCTCTTTAGGG	TACACGATCCCTGACT	TACAGTGAGAGTAATC	TACAGTGCAACTGCTA	TACCTATCACTTCTGC	TACCTATTCCGATATG	TACCTTACACCGATAT	TACGGGCTCGCATGAT	TACTTACTCACATAGC	TAGACCAGTATTCTCT	TAGGCATAGATTACCC	TAGTGGTGTCTAGTCA	TAGTTGGGTGCTTCTC	TATCAGGAGTAATCCC	TATCAGGTCGGTTCGG	TATCTCACAATCTGCA	TATCTCAGTTTGCATG	TATCTCATCAAACGGG	TATGCCCGTATAGGGC	TATTACCAGTGCCATT	TCAACGACATGAAGTA	TCAATCTGTGTCCTCT	TCACGAAAGGTAAACT	TCACGAACACAGACTT	TCACGAAGTTAGTGGG	TCAGATGCAAGAAAGG	TCAGCAACAGATCTGT	TCAGGATCAGGGTACA	TCAGGATGTTCCGTCT	TCAGGTATCTGAAAGA	TCATTTGCATTGTGCA	TCCCGATCAGATCTGT	TCCCGATCAGGAACGT	TCCCGATGTCTCTTAT	TCGGGACAGTGTACGG	TCGTACCTCATCTGCC	TCGTAGACATTAGGCT	TCGTAGAGTCAGGACA	TCTATTGAGGGTGTGT	TCTCATAAGCTCCTCT	TCTCATAGTGCCTGTG	TCTCTAAAGACAGAGA	TCTCTAACACCTCGGA	TCTGAGAAGGATCGCA	TCTGAGAGTATTCTCT	TCTGGAAGTACCTACA	TCTGGAATCTCCGGTT	TCTTCGGAGTGTACCT	TCTTCGGGTTGGGACA	TGAAAGACAATGAATG	TGAAAGAGTACTCTCC	TGACAACAGGATGCGT	TGACTAGTCTCGATGA	TGAGCATGTCGAATCT	TGAGCCGAGTTAAGTG	TGAGGGACACTTAACG	TGAGGGATCCAGAGGA	TGCCCATCAGGGTACA	TGCCCTACATTTCACT	TGCCCTAGTAAATACG	TGCCCTAGTCAAACTC	TGCGCAGGTTCTGTTT	TGCGGGTTCATTGCGA	TGCGTGGCAAACGCGA	TGGCCAGAGTGTTTGC	TGGCGCAGTATCACCA	TGGCTGGCAGGGTTAG	TGGCTGGCATGCTGGC	TGGGAAGAGGTAAACT	TGGTTAGAGCTAGTCT	TGGTTAGAGGTGCACA	TGGTTCCAGTCTCCTC	TGTCCCACATACTCTT	TGTGGTAAGTAGCCGA	TGTGGTAGTTGAGTTC	TGTTCCGTCTGACCTC	TTAGGACAGGTGGGTT	TTAGGCAAGTTAGGTA	TTAGGCACACCTATCC	TTAGGCAGTCTCTTTA	TTCGAAGGTATATGGA	TTCGAAGGTGAGGCTA	TTCTCAATCTTCATGT	TTCTTAGTCGTGGACC	TTGAACGCAAGCGTAG	TTGAACGGTGCGATAG	TTGCGTCTCAAACCGT	TTGCGTCTCATTATCC	TTGGAACGTGTCCTCT	TTGGCAAAGACACGAC	TTTATGCAGCTCAACT	TTTATGCGTGGCGAAT	TTTCCTCAGCCGGTAA	TTTCCTCCAGATGGGT	TTTGCGCCACAGATTC	TTTGTCAGTGCAGACA	AAACGGGTCGCTAGCG	AAAGCAACACATTAGC	AAAGTAGTCAACGAAA	AAATGCCCAGCGAACA	AAATGCCGTCAGAATA	AAATGCCTCTAACTCT	AACACGTCATTACGAC	AACACGTGTGTGCGTC	AACCGCGGTCAGATAA	AACGTTGCATGATCCA	AACGTTGGTCTTGATG	AACTCAGAGTAGATGT	AACTCAGTCAACACCA	AACTCTTAGCGTAATA	AACTCTTCAAGTAGTA	AACTCTTTCATGTCCC	AAGCCGCAGCTAGTCT	AAGCCGCTCCTATTCA	AAGCCGCTCTAACTGG	AAGGAGCAGTAGCCGA	AAGGCAGAGCTGGAAC	AAGGCAGTCCGGCACA	AAGGTTCAGGAGCGTT	AAGTCTGAGCGATATA	AAGTCTGCAGCCACCA	AAGTCTGTCAGTGCAT	AATCCAGGTCACTGGC	AATCGGTGTGGGTCAA	ACACCAAAGTACGTTC	ACACCAAGTATAGTAG	ACACCAATCTCTGTCG	ACACTGAGTTGTCGCG	ACACTGAGTTTACTCT	ACAGCTATCCGCATCT	ACATCAGAGGAATCGC	ACATGGTAGATGCCTT	ACCTTTACACAGCGTC	ACCTTTAGTCAAACTC	ACCTTTATCCTTGCCA	ACGATACGTCTGATTG	ACGATGTCATTAGCCA	ACGATGTGTGCACGAA	ACGCAGCAGAGCTGGT	ACGCAGCAGTCCGTAT	ACGCCGATCCATGAGT	ACGCCGATCGGCGGTT	ACGGAGAGTTAGTGGG	ACGGCCACAGTATGCT	ACGGGTCTCGACGGAA	ACGTCAAAGAGCTTCT	ACTATCTGTCGCCATG	ACTGAGTCATACAGCT	ACTGATGGTCAATGTC	ACTGCTCAGATGGCGT	ACTGCTCAGTGAATTG	ACTGGTAGATGCCTTC	ACTGTCCGTAAACGCG	ACTTACTCACGGTAAG	ACTTACTTCCTGCAGG	ACTTGTTGTTTGACTG	ACTTTCACACCCATTC	AGAATAGAGGAGTTTA	AGAATAGCACAAGTAA	AGAGCGACAAATACAG	AGAGCTTGTGTTTGTG	AGAGTGGTCGATAGAA	AGATTGCCAAGCGCTC	AGATTGCTCTTTACGT	AGCAGCCAGAGGACGG	AGCAGCCAGTACGACG	AGCAGCCGTGCGATAG	AGCAGCCTCCGCGTTT	AGCATACCAAAGTGCG	AGCATACGTCGACTGC	AGCATACTCAACACAC	AGCCTAATCACGCATA	AGCGGTCTCCGTTGCT	AGCTCCTTCCTAGTGA	AGCTCTCAGCTGAACG	AGCTCTCGTTTGCATG	AGCTCTCTCAGTTCGA	AGCTTGACAGAGTGTG	AGCTTGACAGCTGCTG	AGCTTGATCCACGTTC	AGGGAGTTCGTCCGTT	AGGGATGTCTTGAGGT	AGGTCATTCGTGGACC	AGGTCCGGTTAAAGTG	AGTAGTCGTTGCGCAC	AGTCTTTAGTGGTCCC	AGTGAGGAGAACTCGG	AGTGGGACATTCCTCG	AGTGGGATCTGATTCT	AGTGTCAAGGAGTACC	AGTTGGTGTTCCATGA	ATAACGCAGACAGACC	ATAACGCAGAGCTTCT	ATAACGCTCCTTTCGG	ATAACGCTCGACAGCC	ATAAGAGAGGGTCTCC	ATAAGAGTCTACCAGA	ATCACGACAGGGATTG	ATCATGGAGATGCCAG	ATCTACTTCATAGCAC	ATGAGGGTCGACCAGC	ATGCGATGTTATCACG	ATGCGATTCCAGAGGA	ATGTGTGAGAGAACAG	ATGTGTGGTCATCCCT	ATGTGTGGTCTTCAAG	ATTACTCCAGGTGCCT	ATTATCCCAAGCTGAG	ATTATCCCATAAAGGT	ATTCTACAGAGGTACC	ATTGGACGTACATGTC	ATTTCTGCAGATCTGT	CAACCAACAAGTAATG	CAACCTCAGTGAATTG	CAACTAGAGATCCGAG	CAAGGCCTCCGCGCAA	CAAGTTGTCACGCATA	CACAAACGTCGGCTCA	CACAAACTCGCATGAT	CACACCTCACACCGCA	CACACTCTCTGTTGAG	CACATAGTCGGAATCT	CACCAGGCACACGCTG	CACCAGGGTTCGAATC	CACCAGGTCGAATCCA	CACTCCATCGTGGGAA	CAGAATCCATTGTGCA	CAGAGAGAGGATGGTC	CAGAGAGTCCACTGGG	CAGAGAGTCTTGCAAG	CAGATCAGTACCGAGA	CAGATCAGTACTTCTT	CAGCAGCCAGTCGTGC	CAGCGACTCTAAGCCA	CAGCTAACAGTCTTCC	CAGCTGGAGTTCCACA	CAGCTGGTCAGGCCCA	CAGGTGCCAGACAAGC	CAGGTGCGTACTCGCG	CAGGTGCGTTACCGAT	CAGTAACAGAAGGCCT	CAGTAACGTGTGAAAT	CAGTAACTCAACCATG	CAGTCCTAGGACAGAA	CATCAAGCATGTCGAT	CATCAAGGTGAGCGAT	CATCAAGGTGGCGAAT	CATCAAGTCTGACCTC	CATCAGATCTACTCAT	CATCCACCAGGGTACA	CATCGAAAGCTGTCTA	CATCGGGGTAAGCACG	CATGACACACACCGCA	CATGACAGTGCGAAAC	CATTATCTCTGGGCCA	CATTCGCAGGGTCGAT	CCAATCCCAGGAACGT	CCAATCCGTCTGATCA	CCAATCCTCAGCGATT	CCACCTACAAGACGTG	CCACGGAAGCTCCCAG	CCACGGAAGGGTCTCC	CCACTACGTTTGACTG	CCAGCCTGGGCGACAG	CCAGCGATCAGAGGTG	CCATTCGAGCAAATCA	CCCAATCTCGGAAATA	CCCAGTTAGAGGACGG	CCCAGTTGTTCCACGG	CCCATACCACGTGAGA	CCCATACTCCGCGGTA	CCCTCCTTCATGCTCC	CCGTACTAGCAGATCG	CCGTGGACAGGCTGAA	CCGTGGAGTTTGACAC	CCGTGGTGTCCTCCAT	CCGTTCATCCGCATCT	CCTAAAGCAAGAAAGG	CCTAAAGCAAGCCGCT	CCTAAAGGTCTACCTC	CCTACACGTAAGCACG	CCTACACTCAACTCTT	CCTAGCTGTTAAGATG	CCTATTAAGATGGGTC	CCTATTACATCTACGA	CCTATTAGTCCGAATT	CCTCAGTTCTGCGTAA	CCTCTGATCTCATTCA	CCTTACGGTCGGGTCT	CCTTTCTGTAAAGTCA	CGAACATTCGCGCCAA	CGAATGTCAATAGAGT	CGACTTCAGATCGATA	CGACTTCTCACCCGAG	CGACTTCTCAGCGACC	CGAGAAGAGTCCATAC	CGAGAAGGTTAGTGGG	CGATCGGGTGACGGTA	CGATTGAAGCCAGTAG	CGATTGAAGCTTATCG	CGCAGCAGTTACCCAG	CGCGGTATCTACGAGT	CGCTATCCACCCATTC	CGCTGGACACATAACC	CGCTGGATCCCTAATT	CGGACACTCAGGCGAA	CGGACACTCATGCTCC	CGGACGTGTAGCGCAA	CGGACGTGTCTCTTTA	CGGACTGAGCTCCTCT	CGGACTGAGGCAATTA	CGGAGCTCATTTCAGG	CGGAGTCCATCTATGG	CGGAGTCTCGGAAACG	CGGCTAGAGAATGTGT	CGGCTAGTCATTGCCC	CGGGTCAAGCAGCCTC	CGGGTCAAGCGATAGC	CGGGTCAGTGACCAAG	CGGTTAATCGGATGGA	CGTAGCGCATACAGCT	CGTCACTGTGTCGCTG	CGTCACTTCCTACAGA	CGTGAGCCAACAACCT	CGTTCTGTCGTGGGAA	CGTTGGGGTTGCTCCT	CTAACTTTCCTCCTAG	CTAATGGAGTGGTAAT	CTACACCAGACACGAC	CTACCCATCCACGACG	CTACGTCAGATGAGAG	CTAGAGTAGGAGCGTT	CTAGAGTGTTAGAACA	CTAGCCTGTGGTACAG	CTCACACTCTACCTGC	CTCATTAGTCGCGTGT	CTCCTAGAGAAACGCC	CTCCTAGTCACGGTTA	CTCGAAAAGAGGGATA	CTCGAAAAGTGGGATC	CTCGAGGAGACCACGA	CTCGAGGGTACTCTCC	CTCTAATAGATATACG	CTCTACGCAAGGTGTG	CTCTGGTAGTGAGAGT	CTCTGGTCACGAAACG	CTCTGGTGTGTCAATC	CTGAAACGTTACGTCA	CTGAAAGTGTTCGTGA	CTGAAGTGTGCTAGCC	CTGATAGAGCAGGCTA	CTGATAGTCTTAGCCC	CTGCCTAAGCTAGCCC	CTGCCTAAGGCAAAGA	CTGCGGACACGTAAGG	CTGCGGAGTAGTAGTA	CTGCTGTTCAACGGGA	CTGTGCTTCCATTCTA	CTGTGCTTCTGGCGTG	CTTAACTTCTGTGCAA	CTTCTCTCAACACGCC	CTTCTCTCATTAGGCT	CTTGGCTAGTTTGCGT	CTTGGCTCATGCCACG	CTTTGCAGCCGCTCAA	CTTTGCGAGCGATGAC	CTTTGCGCACCCATGG	CTTTGCGTCTATCGCC	GAAACTCTCGCAAACT	GAACCTAGTTCAACCA	GAACGGAGTCGAATCT	GAATAAGTCCGGGTGT	GAATGAAAGGGTGTTG	GAATGAAAGTGTGAAT	GACACGCGTCCAAGTT	GACAGAGAGGTAGCCA	GACCAATAGTACGCGA	GACCAATCACCTATCC	GACCAATCAGTAACGG	GACCAATTCTTGAGGT	GACCTGGCATCGATTG	GACCTGGGTATAAACG	GACCTGGGTTAGGGTG	GACGTGCTCTAACTTC	GACTAACCAGGTCGTC	GAGCAGATCGAGGTAG	GAGTCCGCATGGAATA	GATCGATTCCAGAGGA	GATCGATTCTGAGTGT	GATCGCGGTTGGTAAA	GATCGTAGTGACCAAG	GATCTAGCAGTCTTCC	GATGAGGGTGACCAAG	GATGCTATCATCTGCC	GCAATCACAAGAAGAG	GCACATAGTCTCTCGT	GCAGCCAGTCAAGCGA	GCAGCCATCGCGTAGC	GCAGCCATCTGTACGA	GCAGTTAGTCATATCG	GCATGATTCGCTGATA	GCATGCGAGCATGGCA	GCATGCGAGGGTCGAT	GCATGTAAGGGTTTCT	GCATGTACAGAGCCAA	GCCTCTATCAAAGACA	GCGACCAAGGTTACCT	GCGACCAGTATAATGG	GCGAGAATCTATCCCG	GCGCAGTAGTAGATGT	GCGCAGTTCAGCATGT	GCGCAGTTCGACCAGC	GCGCGATGTAGGGACT	GCTCCTATCATGCTCC	GCTGCAGTCCCGACTT	GCTGCAGTCTCAAGTG	GCTGCGACACATCTTT	GCTGCTTAGAGCCTAG	GCTTGAAAGAATGTGT	GGAACTTCAGTGAGTG	GGAATAAAGAGGGATA	GGAATAAAGCATGGCA	GGAATAACACGGTGTC	GGAATAACACTTAACG	GGACGTCCATCCCATC	GGACGTCTCCAATGGT	GGAGCAACACCCAGTG	GGAGCAAGTCCATGAT	GGATTACGTCTCCCTA	GGATTACTCCAGAAGG	GGCCGATTCTGTTTGT	GGCGACTAGCGATAGC	GGCGACTTCACCCGAG	GGCTCGATCAGTCCCT	GGCTGGTAGGAGCGTT	GGCTGGTCAAACCCAT	GGCTGGTGTCTCAACA	GGGACTGTAGCGTAGG	GGGCACTCACGGATAG	GGGCACTGTTGGTTTG	GGGCATCGTCGGCATC	GGGTCTGTCTTGCATT	GGGTTGCAGCGATATA	GGTATTGGTCTAGTGT	GGTATTGTCAGCGATT	GGTGAAGCAAACCTAC	GGTGAAGCATTGGGCC	GGTGAAGGTTAAGAAC	GGTGAAGGTTCCATGA	GTAACTGAGACTAGAT	GTAACTGAGAGCAATT	GTACTTTCAGTCAGAG	GTAGGCCAGAAGGTGA	GTAGGCCCAGTAAGAT	GTAGGCCCAGTGACAG	GTAGTCAAGATGTAAC	GTATCTTAGTTTCCTT	GTATCTTGTGTCGCTG	GTCAAGTAGTACACCT	GTCACAAAGGCGCTCT	GTCACGGAGGTGACCA	GTCACGGCATTGTGCA	GTCATTTGTCCTCCAT	GTCATTTGTGTTCCAG	GTCGGGTTCGGCGGTT	GTCGTAACACCGATAT	GTCGTAATCTGTCTCG	GTCTTCGGTCTTCGTC	GTCTTCGGTTCAACCA	GTCTTCGTCAACGGCC	GTGAAGGCAGGTGCCT	GTGCAGCAGTACGCGA	GTGCATATCTAACGGT	GTGCGGTGTATAAACG	GTGCGGTTCTCACATT	GTGGGTCGTTAAAGAC	GTGTGCGATAGCTAAA	GTGTGCGCATCCTTGC	GTGTGCGGTTGTCTTT	GTTAAGCCAACTGGCC	GTTAAGCGTACGCACC	GTTACAGAGAGAGCTC	GTTACAGAGAGTCTGG	GTTCATTTCACTATTC	GTTCGGGAGCGTGAGT	GTTCGGGCAAGCCCAC	GTTCTCGTCTCTGCTG	GTTCTCGTCTTGCATT	GTTTCTAAGAGACTAT	GTTTCTAGTGAAAGAG	GTTTCTAGTTCAACCA	TAAACCGGTAAAGGAG	TAAGAGAAGCCGATTT	TAAGCGTAGGGTGTGT	TAAGCGTGTTAAAGAC	TAAGCGTGTTCCTCCA	TAAGTGCCACCCATTC	TACACGAGTGATGTGG	TACCTATAGGAGTTGC	TACCTATCAAGGCTCC	TACCTTAAGCACAGGT	TACGGGCTCAGAGACG	TACTCATAGACAGACC	TACTCGCTCCGCATAA	TACTTACAGGGATACC	TACTTACCAATGAAAC	TAGACCAAGCGTTTAC	TAGACCACATGTCCTC	TAGCCGGTCTGATACG	TAGTTGGGTCTCTTTA	TATCAGGAGCCAGTAG	TATGCCCAGATGGCGT	TATGCCCCAATTCCTT	TATTACCAGTGAAGTT	TATTACCCATGCGCAC	TATTACCGTGCCTTGG	TCAACGAAGCGAGAAA	TCAATCTTCAACGCTA	TCACAAGAGAGGGATA	TCACAAGAGTCATGCT	TCACGAACAAGCGATG	TCAGATGAGACTTTCG	TCAGATGGTGGTACAG	TCAGCAAAGTGGTCCC	TCAGCAAGTACATCCA	TCAGCTCAGTCCTCCT	TCATTACAGCGAGAAA	TCATTACGTCTAACGT	TCATTTGCAAACAACA	TCATTTGCAGACGTAG	TCATTTGGTACCGCTG	TCCCGATCATTGGCGC	TCCCGATGTCGCCATG	TCGAGGCAGATGCCAG	TCGCGTTTCGCGATCG	TCGGTAAGTCATTAGC	TCGTACCAGTGTGGCA	TCTATTGCAGTAAGCG	TCTATTGTCATGTCCC	TCTCATATCACCGGGT	TCTGAGACAGCTGCTG	TCTGAGATCCATGAAC	TCTGGAATCGATGAGG	TCTTCGGGTACGCTGC	TCTTTCCCAATGGATA	TCTTTCCGTGATGATA	TGAAAGAAGGCATTGG	TGAAAGAAGGTTACCT	TGAAAGACAGATGGGT	TGACAACAGGGAGTAA	TGACTTTCAGTTTACG	TGAGAGGTCTAACTGG	TGAGCATTCCGCAGTG	TGAGCCGAGTGGGTTG	TGAGGGACAATCTGCA	TGCCAAAGTGTAATGA	TGCCCATAGCCATCGC	TGCCCATGTTAAGATG	TGCCCATTCATACGGT	TGCCCTATCTAGAGTC	TGCTACCGTTACGACT	TGCTGCTGTACCGTAT	TGCTGCTGTAGCACGA	TGCTGCTGTCGCATCG	TGCTGCTTCTAGAGTC	TGGACGCCACCTTGTC	TGGCCAGGTATTCTCT	TGGCCAGGTCCGAGTC	TGGCCAGTCGGATGGA	TGGCGCACAGTCGTGC	TGGCGCACATGAAGTA	TGGCGCAGTGCACTTA	TGGCTGGAGGCTCAGA	TGGGAAGGTAATTGGA	TGGGCGTAGCTAAGAT	TGGTTCCCATCCTAGA	TGGTTCCTCGCCGTGA	TGTATTCAGGGTTCCC	TGTATTCCAGCCTTGG	TGTCCCAAGTCCATAC	TGTGTTTCACCTGGTG	TGTGTTTCAGTGGGAT	TGTGTTTTCGGAGGTA	TGTGTTTTCTACTTAC	TGTTCCGTCGTCACGG	TTAGGACAGGAACTGC	TTAGTTCGTCATTAGC	TTAGTTCTCCAGGGCT	TTCCCAGGTGTGAAAT	TTCCCAGTCGTGGTCG	TTCGAAGCATGGTCAT	TTCGAAGGTTGTGGCC	TTCGAAGTCCAGTATG	TTCGGTCCACAGATTC	TTCGGTCCAGCCACCA	TTCTACAGTCCGCTGA	TTCTCCTGTTACAGAA	TTCTTAGGTAACGCGA	TTGAACGCATATACCG	TTGACTTCATTACGAC	TTGCGTCAGAGTAATC	TTGCGTCAGATCGATA	TTGCGTCAGTACGTTC	TTGTAGGGTACCAGTT	TTTACTGTCAATCACG	TTTACTGTCTGTCAAG	TTTACTGTCTTTACAC	TTTCCTCGTCGAACAG	TTTGGTTCACGTTGGC	TTTGGTTGTTAGTGGG
UGT3A2	2	0	1	3	1	0	0	1	0	0	0	1	1	2	0	2	1	0	1	2	3	0	0	1	2	0	2	0	1	1	1	0	0	0	0	1	1	1	1	1	0	0	1	2	2	1	0	1	0	0	3	0	0	0	2	1	0	1	1	1	0	1	0	0	1	2	2	1	1	2	1	2	0	0	0	0	2	1	0	0	2	0	0	1	0	1	1	0	1	0	0	0	0	0	1	1	1	0	0	0	2	1	1	0	0	0	1	1	0	0	0	1	2	0	1	1	0	1	1	0	0	2	0	1	1	0	0	1	1	0	0	0	2	1	0	0	0	0	0	0	0	1	1	1	0	0	0	0	0	0	0	0	1	2	0	1	1	1	1	0	0	0	1	0	1	1	1	0	0	1	0	0	0	1	2	1	0	0	0	0	1	0	1	0	1	0	1	1	0	1	0	1	0	1	1	2	0	2	2	0	0	0	0	0	0	1	1	0	0	0	1	1	0	0	0	0	1	1	0	1	0	0	0	1	0	1	0	1	0	0	0	0	0	1	0	0	0	1	2	0	0	0	1	0	0	2	0	0	2	0	0	0	1	0	0	0	0	0	0	0	0	0	1	0	2	0	1	1	0	0	0	0	1	0	1	0	0	0	0	2	1	1	1	2	1	0	1	0	1	2	1	1	0	0	0	0	0	1	1	0	0	0	0	1	0	1	0	1	0	0	1	0	1	0	1	0	0	0	0	0	0	1	0	0	1	0	0	0	0	1	2	0	0	0	1	0	2	1	1	0	0	0	1	0	1	1	0	2	0	0	0	0	0	1	0	0	1	0	1	0	0	0	1	0	0	1	0	0	1	0	2	1	0	0	0	0	2	0	0	0	2	1	0	1	0	1	0	0	0	1	0	1	1	1	0	0	0	1	0	1	0	0	0	0	0	0	0	0	0	0	1	0	1	1	0	0	0	0	0	0	1	0	1	2	1	0	1	0	0	0	0	0	1	1	1	0	0	0	0	0	0	0	0	0	0	0	0	0	0	0	0	1	0	0	0	0	0	0	0	2	0	0	0	0	0	0	2	1	0	0	0	0	1	0	0	0	2	1	2	0	0	0	0	0	1	0	0	0	0	1	1	0	0	0	1	1	1	0	0	1	0	0	0	0	0	0	1	0	1	0	1	1	0	2	1	0	0	0	0	1	0	0	1	0	0	1	1	1	0	1	0	1	1	0	1	1	0	0	0	1	1	0	0	0	1	0	0	0	0	1	0	0	0	0	0	1	0	0	0	0	1	1	1	0	0	0	0	0	1	0	1	0	1	1	1	1	0	0	1	0	0	1	0	2	1	0	0	1	0	1	0	0	0	1	1	0	1	0	1	0	0	0	1	0	0	0	0	0	0	0	0	0	0	1	0	1	0	1	0	0	0	0	0	0	0	0	0	0	0	0	0	0	0	0	1	0	0	0	0	0	0	0	0	0	0	0	0	0	0	0	0	0	0	0	0	0	0	0	0	0	1	1	0	0	0	0	0	0	0	1	0	0	1	0	1	1	0	0	0	0	0	1	0	0	0	1	1	0	0	0	0	0	0	1	1	0	0	0	0	0	0	0	0	0	1	1	0	1	1	0	0	0	0	0	0	0	0	0	0	0	0	0	0	0	0	0	0	1	0	0	0	0	0	0	0	1	0	0	0	1	0	0	1	0	0	1	0	0	0	0	0	0	0	0	0	0	0	0	0	0	0	0	0	1	0	1	0	0	0	0	0	0	0	0	0	0	0	0	0	0	0	0	1	0	0	0	0	0	1	0	1	0	1	0	1	0	1	0	0	0	1	0	0	0	0	0	0	0	0	0	0	0	0	0	0	1	1	0	0	0	1	0	1	1	0	0	0	0	0	0	0	1	0	0	0	0	0	0	0	0	0	1	0	0	0	0	0	1	0	1	1	0	0	0	0	1	0	0	0	0	0	0	0	0	0	1	0	0	1	0	0	0	0	0	0	0	0	0	1	0	0	0	0	0	0	0	0	0	0	0	0	0	0	0	0	0	0	0	0	0	0	0	0	0	0	0	0	0	0	0	0	0	0	0	1	0	0	0	0	0	0	0	0	0	0	0	0	0	0	1	0	0	0	0	0	0	0	0	0	0	0	0	0	0	0	1	0	0	0	0	1	0	0	1	1	0	0	0	1	0	0	0	1	1	1	0	1	0	0	0	1	0	0	0	0	0	1	0	0	0	1	0	0	1	0	0	0	1	0	0	0	0	0	1	0	0	0	0	0	0	0	0	0	0	0	0	1	0	1	0	0	0	0	0	0	1	0	0	1	1	1	0	0	1	0	0	0	0	0	1	0	1	0	0	0	1	0	0	0	0	0	0	0	0	0	0	0	1	0	0	1	0	0	1	0	0	0	0	0	0	0	0	0	0	0	0	0	0	0	0	0	1	0	1	0	0	0	0	0	0	0	1	0	0	0	0	0	0	1	0	0	0	0	1	1	1	0	0	0	0	0	1	0	0	0	0	0	0	0	1	0	0	0	0	0	0	1	0	0	0	0	0
HOXC13	0	0	0	0	0	0	1	0	0	0	1	0	0	0	0	0	0	0	0	0	0	0	0	0	0	0	0	0	0	0	0	0	0	0	0	0	0	0	0	0	0	0	0	0	0	0	0	0	0	0	0	0	0	0	0	0	0	0	0	0	0	0	0	0	0	0	0	0	0	0	0	0	0	0	0	0	0	0	0	0	0	0	0	0	0	0	0	0	0	0	0	0	0	0	0	0	0	0	0	0	0	0	0	0	0	0	0	0	0	0	0	0	1	0	0	0	0	0	0	0	0	0	0	0	0	0	0	0	0	0	0	0	0	0	0	0	0	0	0	0	0	1	0	0	0	0	0	0	0	0	0	0	0	0	0	0	0	0	0	0	0	0	0	0	0	0	0	0	0	0	0	0	0	0	0	0	0	0	0	0	0	0	0	0	0	0	0	0	0	0	0	0	0	0	0	0	0	0	0	0	0	0	0	0	0	0	0	0	0	0	0	0	0	0	0	0	0	0	0	0	0	0	0	0	0	0	0	0	0	0	0	0	0	0	0	0	0	0	0	0	0	0	0	0	0	0	0	0	0	0	0	0	0	0	0	0	0	0	0	0	0	0	0	0	0	0	0	0	0	0	0	0	0	0	0	0	0	0	0	0	0	0	0	0	0	0	0	0	0	0	0	0	0	0	0	0	0	0	0	0	0	0	0	0	0	0	0	0	0	0	0	0	0	0	0	0	0	0	0	0	0	0	0	0	0	0	0	0	0	0	0	0	0	0	0	0	0	0	0	0	0	0	0	0	0	0	0	0	0	0	0	0	0	0	0	0	0	0	0	0	0	0	0	0	0	0	0	0	0	0	0	0	0	0	0	0	0	0	0	0	0	0	0	0	0	0	0	0	0	0	0	0	0	0	0	0	0	0	0	1	0	0	0	0	0	0	0	0	0	0	0	0	0	0	0	0	0	0	0	0	0	0	0	0	0	0	0	0	0	0	0	0	0	0	0	0	0	0	0	0	0	0	0	0	0	0	0	0	0	0	0	0	0	0	0	0	0	0	0	0	0	0	0	0	0	0	0	0	0	0	0	0	0	0	0	0	0	0	0	0	0	0	0	0	0	0	0	0	0	0	0	0	0	0	0	0	0	0	0	0	0	0	0	0	0	0	0	0	0	0	0	0	0	0	0	0	0	0	0	0	0	0	0	0	0	0	0	0	0	0	0	0	0	0	0	0	0	0	0	0	0	0	0	0	0	0	0	0	0	0	0	0	0	0	0	0	0	0	0	0	0	0	0	0	0	0	0	0	0	0	0	0	0	0	0	0	0	0	0	0	0	0	0	0	0	0	0	0	0	0	0	0	0	0	0	0	0	0	0	0	0	0	0	0	0	0	0	0	0	0	0	0	0	0	0	0	0	0	0	0	0	0	0	0	0	0	0	0	0	0	0	0	0	0	0	0	0	0	0	0	0	0	0	0	0	0	0	0	0	0	0	0	0	0	0	0	0	0	0	0	0	0	0	0	0	0	0	0	0	0	0	0	0	0	0	0	0	0	0	0	0	0	0	0	0	0	0	0	0	0	0	0	0	0	0	0	0	0	0	0	0	0	0	0	0	0	0	0	0	0	0	0	0	0	0	0	0	0	0	0	0	0	0	0	0	0	0	0	0	0	0	0	0	0	0	0	0	0	0	0	0	0	0	0	0	0	0	0	0	0	0	0	0	0	0	0	0	0	0	0	0	0	0	0	0	0	0	0	0	0	0	0	0	0	0	0	0	0	0	0	0	0	0	0	0	0	0	0	0	0	0	0	0	0	0	0	0	0	0	0	0	0	0	0	0	0	0	0	0	0	0	0	0	0	0	0	0	0	0	0	0	0	0	0	0	0	0	0	0	0	0	0	0	0	0	0	0	0	0	0	0	0	0	0	0	0	0	0	0	0	0	0	0	0	0	0	0	0	0	0	0	0	0	0	0	0	0	0	0	0	0	0	0	0	0	0	0	0	0	0	0	0	0	0	0	0	0	0	0	0	0	0	0	0	0	0	0	0	0	0	0	0	0	0	0	1	0	0	0	0	0	0	0	0	0	0	0	0	0	0	0	0	0	0	0	0	0	0	0	0	0	0	0	0	0	0	0	0	0	0	0	0	0	0	0	0	0	0	0	0	0	0	0	0	0	0	0	0	0	0	0	0	0	0	0	0	0	0	0	0	0	0	0	0	0	0	0	0	0	0	0	0	0	0	0	0	0	0	0	0	0	0	0	0	0	0	0	0	0	0	0	0	0	0	0	0	0	0	0	0	0	0	0	0	0	0	0	0	0	0	0	0	0	0	0	0	0	0	0	0	0	0	0	0	0	0	0	0	0	0	0	0	0	0	0	0	0	0	0	0	0	0	0	0	0	0	0	0	0	0	0	0	0	0	0	0	0	0	0	0	0	0	0	0	0	0	0	0	0	0	0	0	0	0	0	0	0	0	0	1	0	0	0	0	0	0	0	0	0	0	0	0	0	0	0	0	0	0	0	0	0	0	0	0	0	0	0	0	0	0	0	0
HOXC12	0	2	1	1	1	0	0	1	2	0	0	0	0	0	0	1	1	2	0	0	1	1	0	1	0	1	0	1	1	1	1	1	0	1	0	0	1	0	0	0	1	0	1	0	0	1	0	0	0	0	0	0	0	1	0	2	0	1	0	1	0	0	0	1	0	0	1	1	0	0	0	0	2	0	0	0	0	0	1	0	0	0	0	1	0	0	0	1	0	0	0	0	0	1	1	0	0	0	0	0	0	0	0	0	0	1	0	0	0	0	1	1	0	0	0	1	0	0	0	1	0	0	0	0	1	0	0	0	0	0	0	1	0	0	0	0	1	0	0	0	0	0	0	0	0	0	0	0	0	1	1	1	0	0	1	0	1	0	1	0	1	0	1	0	0	1	0	1	0	0	0	2	0	0	0	1	0	0	1	0	0	1	0	1	0	1	0	0	0	0	0	0	0	0	0	0	0	0	0	0	0	0	2	1	1	0	0	0	0	0	0	0	1	0	0	1	0	0	0	0	0	1	0	0	0	0	1	0	0	0	1	0	1	0	1	0	0	0	0	0	0	0	1	0	0	0	0	0	0	0	0	1	0	0	1	0	0	1	0	0	0	1	0	0	0	0	0	0	0	0	0	0	0	0	0	0	0	1	0	0	0	0	0	0	0	0	0	0	0	0	0	0	1	0	0	0	0	0	0	1	0	1	0	0	0	0	0	0	0	0	0	0	1	1	0	0	1	1	1	0	0	0	0	0	0	1	1	0	0	0	0	0	1	0	0	1	0	0	0	0	0	0	0	1	0	0	0	0	0	0	1	1	0	0	0	0	0	0	1	0	1	0	0	1	0	0	1	0	0	0	0	0	0	0	0	0	0	0	0	0	0	0	0	0	1	0	0	0	1	0	1	1	0	1	0	0	0	0	1	0	0	1	0	0	0	0	1	1	0	0	1	0	0	0	0	1	1	0	1	0	0	0	1	0	0	0	0	0	0	0	0	1	0	0	0	0	1	0	1	0	1	0	0	0	0	0	0	0	0	0	0	1	2	0	0	0	0	0	0	0	0	0	0	1	0	0	0	0	0	0	0	0	0	2	1	0	0	0	0	0	0	1	0	0	0	1	0	0	0	0	0	0	0	0	0	0	0	0	0	0	0	1	0	0	0	1	0	0	0	1	0	1	1	0	0	0	0	0	0	0	0	1	0	1	0	0	0	0	0	0	0	0	0	0	0	0	0	0	0	0	1	0	0	0	0	0	0	0	0	1	0	0	0	0	0	1	0	0	0	0	0	0	0	0	0	1	0	0	1	1	0	0	0	0	0	0	1	0	0	0	1	1	0	0	1	0	0	0	0	0	1	0	0	0	0	0	0	1	0	0	0	0	0	0	2	0	0	0	0	0	0	0	0	0	0	0	0	0	0	0	0	0	0	0	0	0	0	0	0	0	0	0	0	0	0	0	0	0	0	0	0	0	0	0	0	0	0	0	0	0	0	1	0	0	0	0	1	0	0	0	0	0	0	0	0	0	0	0	0	0	0	0	0	0	0	0	0	0	1	1	0	0	0	0	0	0	0	0	0	0	0	0	0	0	0	0	0	0	0	0	0	1	0	0	0	0	0	0	0	0	0	0	1	1	1	1	0	0	0	0	0	0	0	0	0	0	0	0	0	0	0	0	0	0	0	0	0	0	0	0	0	0	0	0	0	0	0	1	0	0	0	0	0	0	0	0	0	0	0	0	1	0	0	0	0	0	0	0	0	0	0	0	0	0	0	0	1	0	0	0	0	0	0	1	0	0	0	0	0	0	0	0	0	1	0	0	0	0	0	0	0	0	0	1	0	1	0	0	0	0	0	0	0	1	0	0	0	0	1	0	0	0	0	0	0	0	0	0	0	0	0	0	0	0	0	0	0	1	0	0	0	0	1	0	0	0	0	0	0	0	0	1	0	0	0	0	0	0	0	0	0	0	0	0	0	0	0	0	0	0	0	0	1	0	0	0	0	0	0	0	0	0	1	0	0	0	1	0	0	0	0	0	0	0	0	0	0	0	1	0	0	0	0	0	0	0	1	0	0	0	0	0	0	1	0	0	0	0	0	0	0	0	0	0	0	0	0	0	0	0	0	0	0	0	0	0	0	0	0	0	0	1	0	0	0	0	0	0	0	0	0	1	0	0	0	0	0	0	0	0	0	0	0	0	0	0	0	0	0	0	0	0	0	0	0	0	0	0	0	0	0	0	0	0	0	0	0	0	0	1	0	0	0	0	0	0	0	0	1	0	0	0	1	0	1	0	0	0	0	0	0	0	0	1	0	0	0	0	0	0	0	0	0	0	0	0	0	0	0	0	0	0	0	0	1	0	0	0	0	0	0	0	0	0	0	1	0	0	0	0	0	0	0	0	0	0	0	0	0	0	1	0	0	0	0	0	0	0	0	1	0	0	0	0	0	1	0	0	0	0	1	0	1	0	0	0	0	0	0	0	0	0	0	0	0	0	0	0	0	0	0	0	0	0	0	0	0	0	0	0	0	0	0	0	0	0	0	0	0	0	0	0
HOXC11	0	0	1	0	0	0	0	0	0	0	0	0	0	0	0	0	0	0	0	0	0	0	0	0	0	0	0	0	0	0	0	0	0	0	0	0	0	0	0	0	0	0	0	0	0	0	0	0	0	0	0	0	0	0	0	0	0	0	0	0	0	0	0	0	0	0	0	0	0	0	0	0	0	0	0	0	0	0	0	0	0	0	0	0	0	0	0	0	0	0	0	0	0	0	0	0	0	0	0	0	0	0	0	0	0	0	0	0	0	0	0	0	0	0	0	0	0	0	0	0	0	0	0	0	0	0	0	0	0	0	0	0	0	0	0	0	0	0	0	0	0	0	0	0	0	0	0	0	0	0	0	0	0	0	0	0	0	0	0	0	0	0	0	0	0	0	0	0	0	0	0	0	0	0	0	0	0	0	0	0	0	0	0	0	0	0	0	0	0	0	0	0	0	0	0	0	0	0	0	0	0	0	0	0	0	0	0	0	0	0	0	0	0	0	0	0	0	0	0	0	0	0	0	0	0	0	0	0	0	0	0	0	0	0	0	1	0	0	0	0	0	0	0	0	0	0	0	0	0	0	0	0	0	0	0	0	0	0	0	0	0	0	0	0	0	0	0	0	0	0	0	0	0	0	0	0	0	0	0	0	0	0	0	0	0	0	0	0	0	0	0	0	0	0	0	0	0	0	0	0	0	0	0	0	0	0	0	0	0	0	0	0	0	0	0	0	0	0	0	0	0	0	0	0	0	0	0	0	0	0	0	0	0	0	0	0	0	0	0	0	0	0	0	0	0	0	0	0	0	0	0	0	0	0	0	0	0	0	0	0	0	0	0	0	0	0	0	0	0	0	0	0	1	0	0	0	0	0	0	0	0	0	0	0	0	0	0	0	0	0	0	0	0	0	0	0	0	0	0	0	0	0	0	0	0	0	0	0	0	0	0	0	0	0	0	0	0	0	0	0	0	0	0	0	0	0	0	0	0	0	0	0	0	0	0	0	0	0	0	0	0	0	0	0	0	0	0	0	0	0	0	0	0	0	0	0	0	0	0	0	0	0	0	0	0	0	0	0	0	0	0	0	0	0	0	0	0	0	0	0	0	0	1	0	0	0	0	0	0	0	0	0	0	0	0	0	0	0	0	0	0	0	0	0	0	0	0	0	0	0	0	0	0	0	0	0	0	0	0	0	0	0	0	0	0	0	0	0	0	0	0	0	0	0	0	0	1	0	0	0	0	0	0	0	0	0	0	0	0	0	0	0	0	0	0	0	0	0	0	0	0	0	0	0	0	0	0	0	0	0	0	0	0	0	0	0	0	0	0	0	0	0	0	0	0	0	0	0	0	0	0	0	0	0	0	0	0	0	0	0	0	0	1	0	0	0	0	0	0	0	0	0	0	0	0	0	0	0	0	0	0	0	0	0	0	0	0	0	0	0	0	0	0	0	0	0	0	0	0	0	0	0	0	0	0	0	0	0	0	0	0	0	0	0	0	0	0	0	0	0	0	0	0	0	0	0	0	0	0	0	0	0	0	0	0	0	0	0	0	0	0	0	0	0	0	0	0	0	0	0	0	0	0	0	0	0	0	0	0	0	0	0	0	0	0	0	0	0	0	0	0	0	0	0	0	0	0	0	0	0	0	0	0	0	0	0	0	0	0	0	0	0	0	0	0	0	0	0	0	0	0	0	0	0	0	0	0	0	0	0	0	0	0	0	0	0	0	0	0	0	0	0	0	0	0	0	0	0	0	0	0	0	0	0	0	0	0	0	0	0	0	0	0	0	0	0	0	0	0	0	0	0	0	0	0	0	0	0	0	0	0	0	0	0	0	0	0	0	0	0	0	0	0	0	0	0	0	0	0	0	0	0	0	0	0	0	0	0	0	0	0	0	0	0	0	0	0	0	0	0	0	0	0	0	0	0	0	0	0	0	0	0	0	0	0	0	0	0	0	0	0	0	0	0	0	0	0	0	0	0	0	0	0	0	0	0	0	0	0	0	0	0	0	0	0	0	0	0	0	0	0	0	0	0	0	0	0	0	0	0	0	0	0	0	0	0	0	0	0	0	0	0	0	0	0	0	0	0	0	0	0	0	0	0	0	0	0	0	0	0	0	0	0	0	0	0	0	0	0	0	0	0	0	0	0	0	0	0	0	0	0	0	0	0	0	0	0	0	0	0	0	0	0	0	0	0	0	0	0	0	0	0	0	0	0	0	0	0	0	0	0	0	0	0	0	0	0	0	0	0	0	0	0	0	0	0	0	0	0	0	0	0	0	0	0	0	0	0	0	0	0	0	0	0	0	0	0	0	0	0	0	0	0	0	0	0	0	0	0	0	0	0	0	0	0	0	0	0	0	0	0	0	0	0	0	0	0	0	0	0	0	0	0	0	0	0	1	0	0	0	0	0	0	0	0	0	0	0	0	0	0	0	0	0	0	0	0	0	0	0	0	0	0	0	0	0	0	0	0	0	0	0	0	0	0	0	0	0	0	0	0	0	0	0	0	0	0	0	0	0	0	0	0	0	0	0	0	0	0	0	0	0
HOXC10	0	0	1	0	0	0	0	0	0	0	0	0	0	0	0	0	0	0	0	0	0	0	0	0	0	0	0	0	0	0	0	0	0	0	0	0	0	0	0	0	0	0	0	0	0	0	0	0	0	0	0	0	0	0	0	0	0	0	0	0	0	0	0	0	0	0	0	0	0	0	0	0	0	0	0	0	0	0	0	0	0	0	0	0	0	0	0	0	0	0	0	0	0	0	0	0	0	0	0	0	0	0	0	0	0	0	0	0	0	0	0	0	0	0	0	0	0	0	0	0	0	0	0	1	0	0	0	0	0	0	0	0	0	0	0	0	0	0	0	0	0	0	0	0	0	0	0	0	0	0	0	0	0	0	0	0	0	0	0	0	0	0	0	0	0	0	0	0	0	0	0	0	0	0	0	0	0	0	0	0	0	0	0	0	0	0	0	0	0	0	0	0	0	0	0	0	0	0	0	0	0	0	0	0	0	0	0	0	0	0	0	0	0	0	0	0	0	0	0	0	0	0	0	0	0	0	0	0	0	0	0	0	0	0	0	0	0	0	0	0	0	0	0	0	0	0	0	0	0	0	0	0	0	0	0	0	0	0	0	0	0	0	0	0	0	0	0	0	0	0	0	0	0	0	0	0	0	0	0	0	0	0	0	0	0	0	0	0	0	0	0	0	0	0	0	0	0	0	0	0	0	0	0	0	1	0	0	0	0	0	0	0	0	0	0	0	0	0	0	0	0	0	0	0	0	0	0	0	0	0	0	0	0	0	0	0	0	0	0	0	0	0	0	0	0	0	0	0	0	0	0	0	0	0	0	0	0	0	0	0	0	0	0	0	0	0	0	0	0	0	0	0	0	0	0	0	0	0	0	0	0	0	0	0	0	0	0	0	0	0	0	0	0	0	0	0	0	0	0	0	0	0	0	0	0	0	0	0	0	0	0	0	0	0	0	0	0	0	0	0	0	0	0	0	0	0	0	0	1	0	0	0	0	0	1	0	0	0	0	0	0	0	0	0	0	0	0	0	0	0	0	0	0	0	0	0	0	0	0	0	0	0	0	0	0	0	0	0	0	0	0	0	0	0	0	0	0	0	0	0	0	0	0	0	0	0	0	0	0	0	0	0	0	1	0	0	0	0	0	0	0	0	0	0	0	0	0	0	0	0	1	0	0	0	0	0	0	0	0	0	0	0	0	0	0	0	0	0	0	0	0	0	0	0	0	0	0	0	0	0	0	0	0	0	0	0	0	0	0	0	0	0	0	0	0	0	0	0	0	0	0	0	0	0	0	0	0	0	0	0	0	1	0	0	0	0	0	0	0	0	0	0	0	0	0	0	0	0	0	0	0	0	0	0	0	0	0	0	0	0	0	0	0	0	0	0	0	0	0	0	0	0	0	0	0	0	0	0	0	0	0	0	0	0	0	0	0	0	0	0	0	0	0	0	0	0	0	0	0	0	0	0	0	0	0	0	0	0	0	0	0	0	0	0	0	0	0	0	0	0	0	0	0	0	0	0	0	0	0	0	0	0	0	0	0	0	0	0	0	0	0	0	0	0	0	0	0	0	0	0	0	0	0	0	0	0	0	0	0	0	0	0	0	0	0	0	0	0	0	0	0	0	0	0	0	0	0	0	0	0	0	0	0	0	0	0	0	0	0	0	0	0	0	0	0	0	0	0	0	0	0	0	0	0	0	0	0	0	0	0	0	0	0	0	0	0	0	0	0	0	0	0	0	0	0	0	0	0	0	0	0	0	0	0	0	0	0	1	0	0	0	0	0	0	0	0	0	0	0	0	0	0	0	0	0	0	0	0	0	0	0	0	0	0	0	0	0	0	0	0	0	0	0	0	0	0	0	0	0	0	0	0	0	0	0	0	0	0	0	0	0	0	0	0	0	0	0	0	0	0	0	0	0	0	0	0	0	0	0	0	0	0	0	0	0	0	0	0	0	0	0	0	0	0	0	0	0	0	0	0	0	0	0	0	0	0	0	0	0	0	0	0	0	0	0	0	0	0	0	0	0	0	0	0	0	0	0	0	0	0	0	0	0	0	0	0	0	0	0	0	0	0	0	0	0	0	0	0	0	0	0	0	0	0	0	0	0	0	0	0	0	0	0	0	0	0	0	1	0	0	0	0	0	0	0	0	0	0	0	0	0	0	0	0	0	0	0	0	0	0	0	0	0	0	0	0	0	0	0	0	0	0	0	0	0	0	0	0	0	0	0	0	0	0	0	0	0	0	0	0	0	0	0	0	0	0	0	0	0	0	0	0	0	0	0	0	0	0	0	0	0	0	0	0	0	0	0	0	0	0	0	0	0	0	0	0	0	0	0	0	0	0	0	0	0	0	0	0	0	0	0	0	0	0	0	0	0	0	0	0	0	0	0	0	0	0	0	0	0	0	0	0	0	0	0	0	0	0	0	0	0	0	0	0	1	0	0	0	0	0	0	0	0	0	0	0	0	0	0	0	0	0	0	0	0	0	0	0	0	0	0	0	0	0	0	0	0	0	0	0	0	0	0	0	0	0	0	0	0	0	0	0
HOXC6	0	0	0	1	0	1	2	1	0	0	0	0	0	0	0	0	0	0	0	0	0	0	1	0	1	0	1	0	1	1	0	0	0	0	0	1	0	0	0	0	0	0	0	0	0	0	0	1	0	0	0	0	0	1	0	0	0	0	0	0	0	0	1	0	0	0	0	0	0	0	0	0	0	0	0	0	0	1	0	0	0	0	2	0	0	0	0	0	0	0	1	0	0	0	0	0	0	0	0	0	0	0	0	0	0	0	0	0	2	0	0	0	0	1	0	0	0	0	0	0	0	0	0	0	0	0	1	0	0	0	0	0	0	0	0	0	0	0	0	0	0	0	0	1	0	0	0	0	0	0	0	0	0	0	1	0	0	0	0	0	0	0	0	0	1	0	0	0	1	0	0	0	0	0	0	0	0	1	0	1	0	0	0	0	0	0	0	1	0	0	0	0	0	0	1	0	0	0	0	0	0	0	0	0	0	0	0	0	0	0	0	0	0	0	0	0	0	0	0	0	0	0	1	0	0	0	0	0	0	0	0	0	0	0	0	0	0	0	0	0	0	0	0	0	1	0	0	0	0	0	0	1	0	1	1	0	0	0	0	1	0	0	0	0	0	1	0	0	0	0	1	0	0	0	0	0	0	0	0	0	0	0	0	0	0	0	0	0	0	0	0	0	0	0	0	0	0	0	0	0	0	0	0	0	0	0	0	0	0	0	0	0	0	0	0	0	0	0	0	0	0	0	0	0	0	0	0	0	0	0	0	1	0	0	0	0	0	0	0	0	0	0	0	0	0	0	0	0	0	0	0	0	0	0	0	0	0	1	0	0	0	0	0	0	0	0	0	0	0	0	0	0	0	0	1	0	0	0	0	0	0	0	0	0	0	0	0	1	1	0	0	0	0	0	0	0	0	0	0	0	0	0	0	1	0	0	0	0	0	0	0	0	0	0	0	0	0	0	0	0	0	0	0	0	0	1	0	0	0	0	0	0	0	0	0	0	0	0	0	0	0	1	1	0	0	1	0	0	1	0	0	0	0	0	0	0	0	0	0	0	0	0	0	0	0	0	0	0	1	0	0	0	0	0	0	0	0	0	0	0	0	0	0	0	0	0	0	0	0	0	0	0	0	0	0	0	0	1	0	0	0	0	0	0	0	0	0	0	0	1	0	0	0	0	0	0	1	0	0	0	0	0	0	0	0	0	0	0	0	0	0	0	0	0	0	0	0	0	0	0	0	0	2	0	0	0	0	0	0	0	0	0	1	0	0	0	0	0	1	0	0	0	0	0	0	0	0	0	0	0	0	0	0	0	0	0	0	0	0	0	0	0	0	0	0	0	0	0	0	0	0	0	0	0	0	0	0	1	0	0	0	0	0	0	0	0	1	0	0	0	0	0	0	0	0	0	0	0	0	0	0	0	0	0	0	0	0	0	0	0	1	1	0	0	0	0	0	0	0	1	0	0	0	0	0	0	0	0	0	0	0	0	0	0	0	0	0	0	0	0	0	0	0	0	0	0	0	0	0	0	0	0	0	0	0	0	1	0	0	0	0	0	0	0	0	0	0	0	0	1	0	0	0	0	0	0	0	0	0	0	0	0	0	0	0	0	1	0	0	0	0	0	0	0	0	0	0	0	0	0	0	0	0	0	0	0	0	0	0	0	0	0	0	1	0	0	0	0	0	0	0	0	0	0	0	0	0	0	0	0	0	0	0	0	0	0	0	0	0	0	0	0	0	0	0	0	0	0	0	0	0	0	0	0	1	0	0	0	0	0	0	0	0	0	0	0	0	0	0	0	0	0	0	0	0	0	0	0	0	0	0	0	0	0	0	0	0	0	0	0	0	0	0	0	0	0	0	0	0	0	0	0	0	0	0	1	1	0	0	0	0	0	0	0	1	0	0	0	0	0	0	0	0	0	0	1	0	0	0	0	0	0	0	0	0	0	0	0	0	0	0	0	0	0	0	0	0	0	0	0	0	0	0	0	0	1	0	0	0	0	0	0	0	0	0	0	0	0	0	0	1	0	0	0	0	0	0	0	0	0	0	0	0	0	0	0	0	0	0	0	0	0	0	0	0	0	0	0	0	0	0	0	0	0	0	0	0	0	0	0	0	0	0	0	0	0	0	0	0	0	0	0	0	0	0	0	0	0	0	0	0	0	0	0	0	0	0	0	0	0	0	0	0	0	0	0	0	0	0	0	0	0	0	0	0	0	0	0	0	0	0	0	0	0	0	0	0	0	0	0	0	0	0	0	0	0	0	0	0	0	0	0	0	0	0	0	0	0	0	0	0	0	0	0	0	0	0	0	0	0	0	0	0	0	0	0	1	0	0	0	0	0	0	0	0	0	0	0	0	0	0	0	0	0	0	0	0	0	0	0	0	0	0	0	0	0	0	0	0	0	0	0	0	0	0	0	0	0	0	0	0	0	0	0	0	0	0	0	1	0	0	0	0	0	0	0	0	0	0	0	0	0	0	0	0	0	0	0	0	0	0	0	0	0	0	0	0	0	0	0	0	0	0	0	0	0	0	0	0	0	0	0
HOXC9	2	0	0	0	0	0	0	0	0	0	1	1	1	2	0	1	1	0	2	0	0	0	0	0	1	0	0	0	1	0	0	0	0	0	1	0	0	0	1	0	1	1	1	0	0	0	1	0	0	1	0	0	0	0	0	1	0	0	0	0	0	0	0	0	0	0	0	0	0	0	0	0	0	0	0	1	0	0	0	0	0	0	0	0	1	0	0	0	0	0	0	0	2	0	0	0	0	1	0	1	0	1	0	1	0	0	0	1	0	0	0	0	0	1	0	0	0	0	0	0	0	0	0	0	0	1	0	0	0	0	0	0	0	1	1	1	0	0	0	2	0	0	0	1	0	0	2	0	0	0	0	0	1	0	0	1	0	0	0	1	0	0	0	0	0	0	0	1	0	0	0	0	0	0	0	0	1	0	0	0	0	0	1	0	0	1	0	0	1	0	1	0	0	0	0	0	0	0	0	0	1	0	0	0	0	0	0	0	0	0	0	0	0	0	1	0	1	0	0	0	0	0	1	0	0	0	0	0	0	0	0	1	0	0	0	0	0	0	0	0	0	0	0	0	0	0	0	0	0	0	0	0	0	1	0	0	0	0	0	0	0	0	0	0	0	0	0	0	0	0	0	0	0	0	0	0	0	0	0	0	0	0	0	0	0	0	0	0	1	0	0	1	0	1	0	0	0	0	0	1	0	0	0	0	0	0	0	0	0	0	0	0	0	0	0	0	0	0	0	0	1	0	0	0	0	0	0	0	1	0	0	0	0	0	1	0	0	0	0	1	1	0	0	0	0	1	0	0	0	1	0	0	1	0	0	0	0	0	0	0	0	0	0	0	0	0	0	0	0	0	0	0	0	1	0	0	0	0	0	0	0	0	1	1	0	0	0	0	0	0	0	0	0	0	0	0	0	0	0	0	0	0	0	0	1	0	0	0	1	0	0	1	0	0	0	0	0	0	0	0	0	2	0	0	1	0	0	0	0	0	0	0	0	0	0	0	0	0	0	0	0	0	0	0	0	0	0	1	0	0	0	0	0	1	0	0	0	0	1	0	0	1	0	0	0	0	0	0	0	0	0	1	0	0	0	0	0	0	0	0	0	0	0	0	0	0	0	0	1	0	0	0	0	0	0	0	0	0	0	0	1	0	0	0	1	1	0	0	0	0	0	0	0	0	0	0	0	0	0	0	1	0	0	1	1	0	0	1	0	0	0	0	0	0	0	0	0	0	0	1	0	0	0	0	0	0	0	0	0	0	0	0	0	0	0	0	0	0	1	1	0	0	0	0	1	0	0	1	0	0	0	0	0	0	0	0	1	0	0	0	0	0	0	0	0	1	0	0	0	0	0	0	0	0	0	0	0	0	0	2	1	1	0	0	0	0	0	0	0	0	0	0	0	0	0	0	0	0	0	0	0	0	0	0	0	0	0	0	0	0	0	0	0	0	0	0	0	0	0	0	0	0	1	0	0	0	0	0	0	0	1	0	0	0	0	0	0	1	0	0	0	0	0	0	0	0	1	0	0	0	0	0	0	0	0	0	0	0	0	0	0	0	0	0	0	0	0	0	0	0	0	1	0	0	0	0	0	0	0	0	0	0	1	0	0	0	0	0	0	0	0	0	0	0	0	0	0	0	1	0	0	0	1	0	0	0	0	0	0	0	0	0	0	0	0	0	1	0	0	0	0	1	0	0	0	0	0	0	0	0	0	0	0	0	1	1	0	0	0	0	0	0	0	0	1	0	0	0	0	0	0	0	0	0	0	0	0	0	0	0	0	0	0	0	0	0	0	0	0	0	0	0	0	0	0	0	0	0	0	0	0	0	1	0	0	0	0	0	0	0	1	0	0	0	0	0	0	0	0	0	0	0	0	0	0	0	0	0	0	0	0	0	0	0	0	0	0	0	0	0	0	0	0	0	0	0	0	0	0	0	0	0	0	0	0	0	1	0	1	0	0	0	0	0	0	0	0	0	0	0	0	0	0	0	0	0	0	0	0	0	0	0	0	0	0	0	0	0	0	0	0	0	0	1	0	0	0	0	0	1	0	0	0	0	0	0	0	0	0	0	0	0	1	0	0	1	0	0	1	0	0	1	0	0	0	0	0	0	0	0	0	0	0	0	0	0	0	0	0	0	0	0	0	0	0	0	0	0	0	0	0	0	0	0	0	0	0	0	0	0	0	0	0	0	0	0	0	0	0	0	0	0	0	1	0	0	0	0	0	0	0	0	0	0	0	0	0	0	0	0	0	0	0	0	0	0	0	1	0	0	0	1	0	0	0	0	0	0	0	0	1	0	0	0	0	0	0	0	0	0	0	0	0	0	0	0	0	0	0	0	0	0	1	0	0	0	0	0	0	0	0	0	0	0	0	0	0	0	0	0	0	0	0	0	0	0	0	0	0	0	0	0	0	0	0	0	0	0	0	0	0	0	0	0	0	0	0	0	0	0	0	0	0	0	0	0	0	0	0	0	0	0	0	0	0	0	0	0	0	0	0	0	0	0	0	0	0	0	0	0	0	0	0	0	1	0	0	0	0	0	0	0
HOXC8	4	4	3	2	3	5	3	2	2	4	3	3	3	1	3	1	1	2	1	2	1	3	3	3	1	3	2	3	0	1	2	2	4	2	2	1	1	3	1	1	2	3	0	1	2	1	3	2	3	3	1	4	4	2	2	0	3	1	3	2	3	3	3	2	2	2	1	2	3	0	3	2	2	2	4	2	1	1	2	2	1	3	0	1	2	2	1	1	2	2	2	2	0	1	1	2	2	2	2	2	1	1	1	1	3	1	2	1	1	2	1	1	0	1	1	1	3	2	1	1	1	1	2	1	1	2	2	1	1	3	3	1	1	0	2	2	2	3	2	1	2	1	2	0	3	3	1	3	3	2	1	1	0	1	0	1	1	2	0	1	1	3	1	2	1	1	2	1	2	2	1	1	3	2	1	1	1	2	2	2	1	2	1	1	2	1	1	0	1	1	1	2	3	2	1	1	2	1	1	3	2	3	1	1	1	1	1	1	1	2	0	1	0	2	1	1	0	1	2	1	2	0	0	1	2	1	1	1	1	2	1	1	1	1	1	1	1	1	0	2	1	1	0	2	1	0	2	1	0	2	1	0	1	0	0	2	2	1	2	0	2	1	1	2	0	1	1	1	2	1	0	2	1	2	0	2	2	0	1	0	1	0	1	0	1	2	1	2	0	0	1	0	1	1	2	1	1	1	1	0	2	1	2	1	0	0	1	1	2	2	1	2	0	1	1	2	1	1	1	2	1	1	2	2	1	1	0	2	1	1	0	1	1	2	0	1	0	1	1	0	1	2	0	1	0	0	1	0	2	1	1	1	1	1	2	2	1	1	0	2	1	2	1	1	2	1	1	2	1	2	0	0	1	1	0	1	0	2	2	2	0	1	1	0	1	1	1	1	0	1	1	0	0	0	0	1	2	1	1	0	1	0	1	1	1	2	0	1	1	2	0	1	1	1	0	1	1	1	1	2	1	0	0	0	0	1	1	1	1	2	2	1	1	1	0	2	1	2	1	1	1	1	1	2	1	1	2	0	1	2	2	0	0	1	2	1	1	2	1	0	2	1	1	1	1	2	0	0	1	1	2	1	1	0	1	2	0	1	0	2	2	1	1	2	1	1	2	2	1	0	0	2	2	0	1	0	0	1	2	0	1	1	2	2	1	0	1	2	1	0	0	0	1	0	1	2	0	1	2	0	1	0	1	0	1	1	1	0	2	1	2	1	0	2	1	1	1	2	2	0	0	2	0	2	0	1	2	2	2	0	1	2	1	1	2	0	2	1	0	1	0	1	1	2	1	0	2	1	0	1	1	1	1	1	1	1	0	2	0	2	1	0	2	0	0	1	2	1	2	1	1	1	2	1	1	2	1	0	1	0	1	1	0	2	0	0	1	2	1	1	1	0	1	0	1	0	1	0	0	0	1	1	1	1	1	1	1	1	0	1	0	0	1	1	0	1	0	1	1	0	1	1	0	1	1	1	0	1	0	0	0	0	1	1	1	1	0	0	1	1	0	0	1	1	1	1	0	0	1	0	1	1	0	1	0	0	0	1	0	0	1	0	0	0	1	0	0	0	1	0	1	0	1	0	0	1	1	1	1	1	1	0	0	0	0	0	0	0	0	1	1	1	0	0	0	0	1	1	0	1	1	1	0	1	1	0	1	0	1	1	1	1	1	0	1	0	0	1	1	0	1	0	0	1	1	0	1	0	1	1	1	1	1	1	0	0	1	1	0	1	0	1	1	0	0	0	1	0	0	1	1	1	0	1	0	1	0	0	1	1	1	1	0	0	1	1	1	1	0	1	0	1	0	0	0	1	0	1	1	1	0	0	0	0	1	0	0	0	1	1	0	1	1	0	1	0	0	0	0	0	0	1	0	0	1	0	0	1	1	1	1	0	1	1	0	0	1	0	1	1	1	0	0	1	1	0	1	0	0	0	0	0	1	1	1	0	0	1	0	0	1	1	1	1	1	0	1	1	0	0	1	0	0	1	1	0	1	0	0	0	1	1	0	1	1	1	0	0	1	1	0	1	0	0	1	1	1	1	0	0	1	1	1	1	1	0	0	1	1	1	1	1	0	0	0	0	0	1	0	1	1	0	1	1	1	1	1	1	1	0	1	1	1	1	1	1	1	0	1	1	1	0	1	1	1	0	1	1	1	1	0	0	1	0	0	1	1	1	0	1	0	1	0	0	0	1	0	1	1	1	0	1	1	0	1	1	0	1	1	1	0	1	1	0	1	1	0	0	1	0	0	1	1	0	1	1	1	0	0	1	1	0	0	1	0	0	0	1	0	1	0	1	1	0	1	0	1	1	0	0	0	1	1	0	1	1	0	1	1	0	1	0	0	1	0	0	1	0	1	1	1	1	1	1	1	0	1	0	1	1	0	1	1	0	1	1	0	1	1	1	0	1	0	1	1	1	1	1	1	0	0	0	1	0	0	0	1	1	0	1	0	0	0	1	1	1	1	1	0	0	1	1	1	0	0	0	1	1	1	1	1	0	1	1	1	1	1	1	1	0	1	1	1	1	0	1	0	1	1	1	0	1
HOXC4	0	2	0	0	1	0	0	1	2	1	0	0	0	0	1	0	1	1	1	1	0	1	1	0	0	1	0	0	0	0	0	1	0	1	1	1	1	0	1	2	0	0	0	1	0	1	0	0	1	0	0	0	0	0	0	0	1	1	0	0	0	0	0	1	1	0	0	0	0	2	0	0	0	2	0	0	0	0	0	1	0	0	0	0	0	0	1	1	0	0	0	1	1	1	0	0	0	0	1	0	0	0	1	1	0	1	0	0	0	1	1	0	0	0	1	0	0	0	1	1	2	0	1	0	0	0	0	1	1	0	0	1	0	1	0	0	0	0	1	0	1	0	0	0	0	0	0	0	0	0	1	1	1	0	0	0	0	0	1	1	0	0	0	1	0	0	0	0	0	0	1	0	0	0	0	0	1	0	0	0	1	0	0	0	0	0	1	1	1	1	1	0	0	0	0	0	0	0	0	0	0	0	0	0	1	0	0	1	1	0	1	0	1	0	0	0	0	0	0	0	0	1	0	0	0	0	0	0	0	0	0	0	0	0	0	0	1	0	0	0	1	0	0	0	0	0	0	0	0	0	1	0	0	0	0	0	0	0	0	1	0	0	0	0	0	0	0	0	0	1	1	0	0	0	1	0	0	1	1	0	0	1	0	0	0	0	0	0	0	0	0	0	0	0	0	1	0	0	0	0	0	0	0	0	1	1	1	0	0	0	0	0	0	0	0	0	0	0	0	0	0	0	0	0	0	0	1	0	0	0	0	0	0	0	0	0	0	0	0	1	0	0	0	0	0	0	1	0	0	0	0	0	0	0	0	0	0	0	0	0	0	0	0	0	0	0	0	0	0	0	0	1	0	0	0	1	0	0	0	0	0	0	0	0	0	0	1	0	0	0	0	0	0	0	2	1	0	0	0	0	1	1	1	0	0	0	1	0	0	0	0	0	0	0	2	0	0	1	0	0	0	0	0	0	0	0	0	1	0	0	0	0	0	0	0	0	0	0	0	1	0	0	0	0	1	0	0	0	0	0	0	0	0	0	0	1	1	0	0	0	0	0	0	0	1	0	0	1	0	0	0	0	0	0	0	0	0	0	0	0	0	0	0	0	0	0	0	0	0	1	1	0	0	1	0	1	1	0	0	1	0	0	0	0	0	0	0	0	0	0	0	0	0	0	0	0	1	1	0	1	0	1	0	0	0	0	0	0	0	0	0	0	1	0	0	0	0	0	0	0	0	0	0	0	1	1	0	0	0	0	1	0	0	1	0	0	0	1	0	0	1	0	0	0	0	1	0	0	0	0	0	0	0	0	0	0	0	0	1	0	0	0	0	0	0	0	0	0	0	0	0	1	0	0	0	0	0	0	0	0	0	0	0	0	0	1	0	0	0	0	0	1	0	0	0	0	0	0	0	0	0	0	0	0	0	0	0	0	1	0	0	0	0	0	0	0	1	0	0	0	0	0	0	0	0	0	1	0	0	0	0	0	0	0	0	0	0	0	0	0	0	0	0	0	0	0	0	1	0	0	0	0	0	0	0	0	0	0	0	0	0	0	1	1	0	0	0	0	0	0	0	0	0	0	0	0	0	0	0	0	0	0	0	1	0	0	0	0	0	0	0	0	0	0	0	0	0	0	0	0	0	0	0	0	0	1	0	0	0	0	0	0	0	0	0	0	0	0	0	0	0	0	0	0	0	0	0	0	0	0	0	0	0	0	0	0	0	0	1	0	0	0	0	0	0	0	0	1	1	0	0	0	1	0	0	0	0	0	0	0	0	0	0	0	0	0	0	0	0	0	0	0	0	0	0	0	0	0	0	0	0	1	0	0	0	0	0	1	0	0	0	0	0	0	0	0	0	1	0	1	0	0	0	0	0	0	0	0	0	0	0	0	0	0	0	0	0	0	0	0	0	0	0	0	0	0	0	0	1	0	0	0	0	0	0	0	0	0	0	1	0	0	0	0	0	0	0	0	0	0	0	1	0	0	0	0	0	0	0	1	0	0	0	0	0	0	0	1	0	0	0	0	1	0	0	0	0	0	0	0	0	0	0	0	0	0	0	0	0	0	0	0	0	0	0	0	1	0	0	0	0	0	0	0	0	0	0	0	0	0	0	0	0	0	0	0	0	0	0	0	0	0	0	0	0	0	0	0	0	0	0	0	0	0	0	0	0	0	0	0	1	0	0	0	0	0	0	0	0	0	0	0	0	0	0	0	0	0	0	0	0	0	0	0	0	0	0	0	0	0	1	0	0	0	0	0	0	0	0	0	0	0	0	0	0	0	0	0	0	0	0	0	0	0	0	0	0	0	0	0	0	0	0	0	0	0	0	0	0	0	0	0	0	0	0	0	0	1	0	0	0	0	0	0	0	0	0	0	0	0	0	0	0	0	0	0	0	0	0	0	0	0	1	0	0	0	0	0	0	0	1	0	0	0	0	0	0	0	0	0	0	0	0	0	0	0	0	0	0	0	0	0	0	0	0	0	0	0	0	0	0	0	0	0	0	0	0	0	0	0	0	0	0	0	0	0	0	0	0	0	1	0
HOXC5	1	0	0	0	0	0	0	0	0	0	0	0	0	0	1	0	0	0	0	0	0	0	0	0	0	0	0	0	0	0	0	0	0	0	0	0	0	0	0	0	0	0	1	0	0	0	0	0	0	0	0	0	0	0	0	0	0	0	0	0	1	0	0	0	0	0	0	0	0	0	0	0	0	0	0	0	0	0	0	0	0	0	1	0	0	0	0	0	0	1	0	0	0	0	0	0	0	0	0	0	0	0	0	0	0	0	0	0	0	0	0	0	0	0	0	0	0	0	0	0	0	0	0	0	0	0	0	0	0	0	0	0	0	0	0	0	0	0	0	0	0	0	0	0	0	0	0	0	0	0	0	0	0	0	1	0	0	0	0	0	1	0	0	0	0	0	0	0	0	0	1	0	0	0	0	0	0	0	0	0	0	0	0	1	0	0	0	0	0	0	0	0	0	0	0	0	1	0	0	0	0	0	0	1	0	0	0	0	0	0	0	0	0	0	0	0	0	0	0	0	0	0	0	0	0	0	0	0	1	0	0	0	0	0	0	0	0	0	0	0	0	1	0	0	0	0	0	1	0	0	0	0	0	0	0	0	0	0	0	0	0	0	0	0	0	0	0	0	0	0	0	0	0	0	0	0	0	0	0	0	0	0	0	0	0	0	0	0	0	0	0	0	0	0	0	0	1	0	0	0	0	0	0	0	0	0	0	0	0	0	0	0	0	0	0	0	0	0	0	0	0	0	0	0	0	0	0	0	0	0	0	0	0	0	0	0	0	0	0	0	0	0	1	0	1	0	0	0	0	0	0	0	0	0	0	0	0	0	0	0	0	0	0	0	0	0	0	0	0	0	0	0	0	0	1	0	0	0	0	0	0	0	0	0	0	0	0	0	0	0	0	0	1	0	0	0	0	0	0	0	0	0	0	0	0	0	0	0	0	0	0	0	0	0	0	0	0	0	0	0	0	0	0	0	0	0	0	0	0	0	0	0	0	0	0	0	0	0	0	0	0	0	0	0	0	0	0	1	0	0	0	0	0	0	0	0	0	0	0	0	0	0	1	0	0	0	0	0	0	1	0	0	0	0	0	0	0	0	0	0	0	0	0	0	0	0	0	0	0	0	0	0	0	0	0	0	0	0	0	0	0	0	0	0	0	0	0	0	0	0	0	0	0	0	0	0	0	0	0	0	0	0	0	0	0	0	0	0	0	0	0	0	0	0	0	0	0	0	0	0	0	0	0	0	0	0	0	0	0	0	0	0	0	0	0	0	0	0	0	0	0	0	0	0	0	0	0	0	0	0	0	0	0	0	0	0	0	0	0	0	0	0	0	0	0	0	0	0	0	0	0	0	0	0	0	0	0	0	0	0	0	0	0	0	0	1	0	0	0	0	0	0	0	0	0	0	0	0	1	1	0	0	0	0	0	0	0	0	0	0	0	0	0	0	0	0	0	0	0	0	0	0	0	0	0	0	0	0	1	1	0	0	0	0	0	0	0	0	0	0	0	0	0	0	0	0	0	0	0	0	0	0	0	0	0	0	0	0	0	0	0	0	0	0	0	0	0	1	0	0	0	0	0	0	0	0	0	0	0	0	0	0	0	0	0	0	0	0	0	0	0	0	0	0	0	0	0	0	0	0	0	0	0	0	0	0	0	0	0	0	0	0	0	0	0	0	0	0	0	0	0	0	0	0	0	0	0	0	0	0	0	0	0	0	0	0	0	0	0	0	0	0	0	0	0	0	0	0	0	0	0	0	0	0	0	0	0	0	0	0	0	0	0	0	0	0	0	0	0	0	0	0	0	0	0	0	0	0	0	0	0	0	0	0	0	0	1	0	0	0	0	0	0	0	0	0	0	0	0	0	0	0	0	0	0	0	0	0	0	0	0	0	0	0	0	1	0	0	0	0	0	0	0	0	0	0	0	0	0	0	0	0	0	0	0	0	0	0	0	0	0	0	0	0	0	0	0	0	0	1	0	0	0	0	0	0	0	1	0	0	0	0	0	0	0	0	0	0	0	0	0	0	0	0	0	0	0	0	0	0	0	0	0	0	0	0	0	0	0	0	0	0	0	0	0	0	0	0	0	0	0	0	0	0	0	0	0	0	0	0	0	0	0	0	0	0	0	0	0	0	0	0	0	0	0	0	0	0	0	0	0	0	0	0	0	0	0	0	0	0	0	0	0	0	0	0	0	0	0	0	0	0	0	0	0	0	0	0	0	0	0	0	0	0	0	0	1	0	0	0	0	0	0	0	0	0	0	0	0	0	0	0	0	0	0	1	0	0	0	0	0	0	0	0	0	0	0	0	0	0	0	0	0	0	0	0	0	0	0	0	0	0	0	0	0	0	0	0	0	0	0	0	0	0	0	0	0	0	0	0	0	0	0	0	0	0	0	0	0	0	0	0	0	0	0	0	0	0	0	0	0	0	0	0	0	0	0	0	0	0	0	0	0	0	0	0	0	0	0	0	0	0	0	0	0	0	0	0	0	0	0	0	0	0	0	0	0	0	0	0	0	0	0	0	0	0	0	0	0	0	0	0
